time,Binance,Bitfinex,Coinbase,Bitflyer,Bittrex,Kraken,BitMEX
2018-09-27,,,,,,,
2018-09-28,,,,,,,
2018-09-29,,,,,,,
2018-09-30,,,,,,,
2018-10-01,,,,,,,
2018-10-02,,,,,,,
2018-10-03,,,,,,,
2018-10-04,,,,,,,
2018-10-05,,,,,,,
2018-10-06,,,,,,,
2018-10-07,,,,,,,
2018-10-08,,,,,,,
2018-10-09,,,,,,,
2018-10-10,902492518.9971428,290247140.8978571,83508695.34500001,31520821.471428573,44609060.232142866,82872835.42999999,996274758.9971429
2018-10-11,908878836.4171427,305921351.0028572,90543282.06857145,32460097.171428572,47270703.56000001,89384287.95071428,1034093573.6507143
2018-10-12,884352115.0592855,285998032.82500005,86683993.07928573,30056457.12642857,47001001.57500001,85189007.40142857,980727108.7821429
2018-10-13,858681345.1542856,265007877.41142863,84118942.2757143,28396230.794285715,45442262.02571429,81135647.62857142,930797981.6764287
2018-10-14,836250261.5521429,252505166.73857147,82448944.98785713,27657010.313571427,43565313.45285715,78775602.55857143,918748583.8628572
2018-10-15,897103567.5435715,315335320.52571434,93612072.95500001,31479850.98214286,45074685.1457143,95857322.44285715,976141682.7428572
2018-10-16,889579883.9985715,313044134.19428575,95566364.84357144,31723000.53714286,43622103.6507143,96687228.35357143,979251268.4378573
2018-10-17,899273558.6964287,304284467.15500003,96643781.01928572,31376031.630000003,43119810.80642859,92803568.26642857,943533493.7907144
2018-10-18,903549847.1414288,304934880.50142854,97777183.2507143,30634346.820714287,43232622.271428585,92872329.99571429,924203338.0378573
2018-10-19,896313554.3714287,299971145.3792857,97059603.30714287,30189468.66,42568322.57857144,91420694.36,905593688.6564287
2018-10-20,893732478.4585717,295516128.0264286,98078214.29142858,29881740.925,42102508.93285715,90664493.43999998,898434746.9235717
2018-10-21,883856346.4150002,292186275.9771429,98076230.26428571,29659670.462857146,42000543.20428572,89770745.22071429,895143692.3878574
2018-10-22,878183007.8178574,280936519.73857147,96662363.64571428,29295465.47357143,42903331.99857143,87029624.42214285,866993453.7600003
2018-10-23,877934383.6614287,281521694.38857144,96476104.00857142,29456627.604285717,44728275.19428571,87788282.03785713,858642664.6578575
2018-10-24,863843595.0742859,276891964.315,95364153.27571428,28027551.573571436,45482160.40571428,85950762.30928569,826732679.3428574
2018-10-25,805992620.3607146,233639865.2507143,79603297.265,24485088.378571432,41728659.779285714,72556917.0385714,735287679.7435716
2018-10-26,775354311.7828573,225768271.45857143,77714516.99000001,24128272.29000001,40685708.48142857,71193383.8985714,707799101.984286
2018-10-27,763881954.1985716,224615637.4414286,76398841.09,23906839.240714293,40982892.766428575,70865466.94285712,693635068.462143
2018-10-28,754757257.3042859,219110657.73785716,74855489.7757143,23441678.683571436,40730858.84357143,70647508.81714283,659969893.9614288
2018-10-29,675672567.5178573,152511551.9328572,62892830.559285715,20193889.481428582,37190152.24071429,54217544.891428545,582515354.6300002
2018-10-30,651067221.8642857,146172412.41785717,59065466.53642858,19034503.179285724,36642578.376428574,53226057.40714283,545082019.0335716
2018-10-31,622082089.41,145569122.8207143,55784739.0457143,18815624.03857144,35872530.32428572,53284122.89642855,544998570.5100002
2018-11-01,593763090.8307142,137251193.38928574,52572636.14857143,18305096.11357144,34780581.30928572,51498895.47785713,513292893.4814288
2018-11-02,586839081.6907142,136698503.65928572,52735552.59142858,17961974.607857157,34912114.79000001,51977082.93285713,512034834.52928597
2018-11-03,571171528.5592855,140006509.72714287,51536292.78571428,17681952.18000001,34833687.99071429,51828048.902142845,507868595.0078574
2018-11-04,584360357.5114284,155675881.80714288,56839162.50285714,18085109.987857156,35863637.32142858,55915338.187857136,520971596.6714288
2018-11-05,571741108.6935712,161889749.055,58678236.97214285,18043774.887142867,34934013.73928572,57647721.49499999,521306557.9235717
2018-11-06,584116818.7449998,173828757.3657143,63144768.5042857,17806840.720714297,35483854.598571435,61548837.89642856,534638560.2535718
2018-11-07,596237844.4314283,183771129.71357146,66069627.8142857,18657512.144285727,34914267.96500001,65335526.38642856,546292311.3428575
2018-11-08,615331048.7935714,193809190.56,68517374.01714285,18869287.855000015,35341154.073571436,67823191.98142856,563539065.2250004
2018-11-09,627388779.4557142,200155644.19285718,69837462.54857142,18646684.273571443,35415071.84642859,69403969.91357142,580556054.4071434
2018-11-10,620484059.8999999,200681630.71357146,70563455.67285714,18857740.371428587,34956664.36714287,69462738.78071429,587630768.7128576
2018-11-11,610738790.0292856,206038271.37500003,71562206.87999998,18946621.956428587,35185104.13857145,69684498.77571428,603677361.5050006
2018-11-12,605418048.9199998,202237519.76928574,70051592.96857141,16962828.74357144,35207797.43428574,67885973.85857143,593275040.0257149
2018-11-13,615831691.7021427,212618007.61642858,72329683.07714285,17391476.148571443,35972739.00357145,69001699.57,620430905.9900006
2018-11-14,652473844.7492856,275594581.88357145,93797450.755,21298199.04142859,40569615.636428595,89761933.94785714,744724880.643572
2018-11-15,695931407.6107141,316574701.0714286,106355153.9442857,26104283.527142875,43350482.452857174,104020681.82071428,885263348.1757149
2018-11-16,704638490.060714,323171710.69214284,108767392.55499998,28378351.55285716,43717841.68000003,108588499.17071429,942084191.4857149
2018-11-17,711326350.0992854,321996628.48571426,109612309.57285713,29112213.73000002,43948017.565000035,110968731.80142857,970922892.3078578
2018-11-18,695911998.040714,311600319.4564285,105126874.3192857,29054664.001428585,42738559.96857146,109874907.32785714,977873812.808572
2018-11-19,732955231.3014284,354393504.54285705,122149221.97642855,35474859.707142875,46010559.70285718,128882989.605,1126269177.1014292
2018-11-20,781821451.5285712,412208925.79428566,148727444.025,42212632.73857144,48930015.722857185,151056660.28357145,1295320281.2550008
2018-11-21,789768298.2842855,424854642.0507142,157313523.77714282,45818823.10285715,48706257.082857184,157464353.1121429,1396494971.1042864
2018-11-22,770426914.9271429,424316151.39142853,158392802.32928568,48156509.21214286,47641264.45642861,159961003.31857148,1435389787.560001
2018-11-23,775552857.8335714,433884227.1235714,164030889.82571426,50716223.53857143,47926828.487142906,166568311.56500003,1502708694.8642867
2018-11-24,794516928.3757143,455823464.8221428,171381353.90785712,52974696.60928572,48826093.692142904,176623172.98928574,1568042376.4700012
2018-11-25,845228618.7907143,493454857.6464285,187805691.4692857,56680129.794285715,51239989.02142862,194303655.14071432,1686248757.1728585
2018-11-26,888204711.2214286,513979805.12714285,198727824.99928567,59347560.43642857,52632210.42714291,205637353.91428572,1788393798.5300012
2018-11-27,902538027.0564287,520138537.99714285,203262120.86714283,61997588.73785715,53204005.29071433,209492203.76571432,1845661122.5935726
2018-11-28,907826635.7435715,481826373.82000005,195674534.1878571,62370081.692857146,51238945.27857148,201530974.37214285,1809495379.9878583
2018-11-29,899856237.6557144,459117597.07857144,190281833.4614285,61624085.81857143,50857034.33357148,195976748.87285712,1762922918.899287
2018-11-30,906925487.5257145,464323779.7357143,192250265.8028571,63766756.92285715,50962735.805714324,198112761.22571424,1778415169.5650012
2018-12-01,908227895.234286,472066536.78214294,194334485.58999994,65673853.27928572,51169798.787142895,200143615.2128571,1807156011.9950013
2018-12-02,901825188.9107145,473262111.68500006,195891010.10642853,67955844.0257143,51290686.70857148,200455721.60142854,1836702718.6985726
2018-12-03,849606132.852143,435456034.41785717,181083704.20428565,63758395.345000006,47883955.36857147,185454161.13571426,1735793859.1428585
2018-12-04,774458371.0007144,371687251.61500007,152855021.39142853,58987038.660000004,42962649.576428615,161996244.97071427,1603862174.5371442
2018-12-05,747027351.0671431,356793257.8121429,144148802.13071424,54803853.91785713,42234912.362857185,156115571.16928568,1528381069.6035728
2018-12-06,760666916.2464286,368436269.0335714,148602874.84499997,50915103.038571425,43950174.38357147,162181329.9407142,1528382978.8200014
2018-12-07,774200901.2507143,377104011.1842857,153548081.5678571,48146351.648571424,45429849.12357147,166743974.67357138,1507560589.3607156
2018-12-08,763742139.5550001,367736857.73214287,150090236.27428564,47262206.379999995,45089388.8121429,162892558.7835714,1493057498.4964297
2018-12-09,714119481.4421428,333478572.95428574,136460359.6478571,45187025.82928572,42350059.49285718,149222008.13999993,1411555214.592144
2018-12-10,657063244.1885716,310513073.40142864,126383989.78571424,42299676.13928572,39749359.1171429,138935137.1814285,1336632570.5078583
2018-12-11,621891070.25,297021606.2300001,120466047.98428567,40024302.580000006,38698202.59357148,134086300.44571422,1279915630.4078584
2018-12-12,562697566.2192857,272486335.09357154,106559524.85142852,36307120.96142858,35237926.072857186,122047648.75642851,1211953203.7192872
2018-12-13,523667909.6278572,258021744.51214296,101241082.51071422,32736332.356428582,32932010.365000043,118294969.87428567,1154511820.8400013
2018-12-14,497880517.9442858,246038337.1200001,97964425.03857137,29210558.301428583,32177432.030000042,115053244.38285708,1107062401.4000013
2018-12-15,483727243.6064286,237685734.97000006,96282029.85285708,27255020.81285715,31413360.3521429,112537079.90428567,1077467460.272144
2018-12-16,475525981.6057143,234805630.86642864,94983772.50071421,24840002.75785715,30837468.050000045,110629565.8878571,1050387153.0192871
2018-12-17,495260835.78000003,238576990.2242858,97405681.63857137,25028526.583571438,31024874.98285719,113956531.18285711,1057740368.4421442
2018-12-18,515909530.58571434,240496417.9007144,99173037.65999995,24215579.102857154,31403680.5971429,116378795.47499998,1069942666.052144
2018-12-19,565233813.9714286,254271302.88785726,107762297.7178571,27301652.47214287,33981595.05071433,126072340.46214284,1128442678.4985726
2018-12-20,623832343.8678572,264725358.86857155,116768734.65857138,34426002.545714304,36234233.798571475,130952522.14071427,1175353704.0650012
2018-12-21,655266724.8800001,256443429.0764287,116779428.3721428,38118190.14214288,36731814.16857148,128220170.04857142,1200405900.62643
2018-12-22,670142169.109286,250068963.44428587,116599067.2578571,38168864.89500002,37026119.13214291,128111835.37571427,1205022882.7764301
2018-12-23,694399041.3292859,254843610.812143,119602602.98499997,38441641.710000016,38293272.25142862,129518195.77999997,1205476415.013573
2018-12-24,757570668.7285717,277626097.6364287,130429606.32285711,40704385.88642859,41465869.728571475,140324874.02714282,1217792472.7007158
2018-12-25,795162914.4964287,286530037.22500014,134578030.99999997,42527005.91071429,42463012.149285756,146068813.53142855,1239205874.8185728
2018-12-26,822969416.1364287,291142004.77642876,137125372.1635714,43063848.12428572,43435805.35428576,148468888.83642852,1247871521.0478585
2018-12-27,840366647.1471431,298036906.1557144,140021175.87142855,43568744.056428574,44095353.08785719,148894422.07571426,1250211551.7600014
2018-12-28,866445829.5371431,309986982.66928583,145920100.24785712,44154999.79785715,45225318.13357147,152969474.70428568,1254601906.9971442
2018-12-29,888839291.9250003,318837974.14785725,149088860.50999996,44588660.67928572,46016038.02285719,156813583.61214283,1257841818.6464298
2018-12-30,892880300.6314288,317717022.51714295,150465951.83714285,45572071.91285715,46490154.73500005,158808576.30214283,1255357053.292144
2018-12-31,875112413.7514288,306715181.07428586,146963919.36714283,43895944.80428572,45788144.131428614,152839096.71428567,1206325660.0771441
2019-01-01,843954113.4378575,299188467.95857155,144639523.4121428,42287845.23857144,44434084.48928576,148877676.81071424,1148966481.7164297
2019-01-02,801004285.5157146,284774285.4642858,136696802.43142852,39486947.20642858,41527259.71571433,140388288.64999995,1061567744.0878582
2019-01-03,730118581.0228575,254191595.5328572,122213954.66928567,33516067.63357144,37132597.13428576,127899325.59857139,964166575.5078583
2019-01-04,676862997.4850004,241579976.21857148,113176239.55857138,30177333.343571436,33940938.06500005,121273121.79071423,883685424.7935725
2019-01-05,662876626.9650003,240638568.82785723,112449325.0228571,29140284.81142858,33074646.73285719,118905317.07785709,838564483.7200011
2019-01-06,655012846.0207146,241945902.13428578,111351098.9585714,28358956.069285724,32321416.936428614,119692049.03928566,817829279.960001
2019-01-07,604612129.8085717,215824285.9250001,101404155.4835714,26734868.723571442,29360119.163571473,109190496.58999994,774913763.1285725
2019-01-08,592134211.4692861,210504059.30071434,100117677.16642854,24672705.38357144,28359327.153571468,106456131.67999995,750081559.2300012
2019-01-09,586364862.5728575,209343022.77214292,98387331.8678571,23446601.15785715,27854476.06500004,104746962.02285708,722973613.5250012
2019-01-10,618596152.6671431,217997589.7428572,102215070.59214282,23876575.730000008,29383150.592857182,109927773.03357138,715321481.562144
2019-01-11,609597845.4607146,203931297.8864286,97622154.2628571,22842434.480000008,28049095.725714326,106765441.02571423,697466205.432144
2019-01-12,596148278.7185717,192543097.60714287,93708822.59071423,21873734.42642858,27173100.790714327,102162035.15999995,670482289.367144
2019-01-13,603179482.8085717,192517924.4892857,93053223.33999994,20834754.257142868,27052438.325000044,102210084.5271428,653589672.7050011
2019-01-14,621381619.4707146,192837682.73071426,92994122.38571425,20248878.6957143,26887247.211428612,104905455.20999993,655441885.717144
2019-01-15,641507686.9028574,191500496.8257143,92909901.0978571,20424324.044285726,27158303.660000045,106468995.79071423,654020634.1778582
2019-01-16,638219728.2071431,183703760.44214287,89869875.19785711,19528245.871428587,26875689.937857185,103978340.57285707,645860612.7685726
2019-01-17,645166773.729286,182778508.0878572,88340119.85214283,19690993.427142877,27042638.00142861,103908754.17714278,646671880.5878582
2019-01-18,639370001.3185717,173287255.1771429,84546113.13357139,18791568.086428586,26875270.957142897,100801848.0564285,635742502.320001
2019-01-19,633578867.162143,170376069.12214288,81668201.4871428,18644873.2857143,26909385.17500004,99284443.07928564,633358781.8707154
2019-01-20,620195388.6407145,161780525.26357147,77719340.90571423,17800824.43214287,26460634.49571433,94849224.85499993,623044542.0950012
2019-01-21,608282365.1342859,159417637.5114286,74558765.97499993,16896316.012857154,26139413.453571472,91885219.60642852,616094176.6435727
2019-01-22,596016238.2764287,155214059.60214287,71771644.4621428,16572712.15357144,26033081.348571476,89072036.12999995,607400217.2464298
2019-01-23,586691262.8078573,145578562.78357145,70313042.98357137,16212081.368571442,25730887.021428615,86992501.21499994,605563554.5628583
2019-01-24,540616871.8507144,124925655.46071431,61154963.26714279,14528593.730000013,23060804.87642861,76560062.96357138,586767000.0278584
2019-01-25,521692205.39500016,120667480.30357145,57697856.79142851,14232691.23714287,22704092.21071433,72243885.0628571,575444138.1900012
2019-01-26,518715035.3264288,121503088.9157143,56937407.13571422,14515680.25214287,22566133.745000042,71552296.10928567,585467168.0407155
2019-01-27,521800766.42714304,118924629.44642857,54730141.05357136,14355607.642142871,22357472.40071433,68868139.44428566,582987409.2492869
2019-01-28,526600508.4264288,118629289.60642858,54923485.25428564,15117953.075714301,22983766.092142902,67598017.50428566,607015387.7614299
2019-01-29,511553049.2428574,114333832.90857144,52841717.65428565,15394712.025714302,22794017.237857185,65459780.7521428,619388178.3728584
2019-01-30,504853865.2035717,114125802.88214287,52477668.731428504,15700373.133571446,22575865.510714326,64850520.87357137,622794113.0864298
2019-01-31,496192266.9328574,111436348.46928573,51361127.81785707,15601902.480714304,22005563.67857147,62258154.996428505,616030214.8514299
2019-02-01,490048994.61357164,113680831.61000001,52565578.548571356,15726939.503571447,21669235.91857147,62838800.12214279,627785978.5450014
2019-02-02,479256545.5342859,110569794.47071432,52085475.75714278,15485440.888571445,20826492.32642861,60849090.31571422,632448982.4650013
2019-02-03,469088920.79142874,103108005.68142858,50785986.091428496,15008890.550714301,20051548.467857182,58238734.9114285,630186348.7114298
2019-02-04,479703584.752143,100034762.64642859,50304580.49999992,14726896.545714302,19352332.57500004,57510109.79928565,622721069.7878584
2019-02-05,493145861.81000024,91603854.15857145,48246525.51928563,13824548.637857158,18177983.972142898,54481696.09999994,597347844.3328584
2019-02-06,502013578.329286,94446389.47928573,48957362.10857134,13478876.747857157,17862605.840714328,55678086.029285654,591366974.9535729
2019-02-07,499407593.07214314,91802650.51142858,49179105.47785705,13130783.017857159,17587831.48500004,55267163.37214279,572792228.3814299
2019-02-08,533611812.76785743,109358483.49642858,56942219.8957142,13795134.9107143,18642028.062857185,62197134.20642851,605890291.6900014
2019-02-09,544134903.6557146,109896910.15,58382182.58785706,13638591.208571443,18866411.877857186,63160074.02642851,602628584.4171442
2019-02-10,551367060.0864289,111685768.24285714,60408324.81785705,13504112.766428586,18979659.25642861,64197986.184285656,606253119.844287
2019-02-11,531567496.20285743,105023005.59142856,57291358.01857134,12202701.965000015,17796792.511428613,59929452.88785709,565029114.4778584
2019-02-12,546840320.099286,106964020.58142857,57551053.67285705,11640759.160714298,17642060.274285752,59397744.79785709,550888196.2735728
2019-02-13,551814590.8971431,106709563.44285715,57341416.22785705,11274055.372857155,17232376.317142896,57448064.945714235,536784859.3864299
2019-02-14,548322862.2678573,106657344.73214285,57308773.96285706,10918441.55500001,16908158.152142894,57141765.99857138,525580898.5514299
2019-02-15,553489050.1457145,106457545.16857143,56890808.203571334,11019689.797142869,17056841.752142895,56261959.50857138,512676747.9350014
2019-02-16,559054132.3950002,104309764.94785714,56778564.95857134,10855880.072857156,17422085.075000037,55970026.41071423,504892708.1921442
2019-02-17,576168805.1128575,112307599.2242857,59210495.32928563,11275232.332857158,18435177.348571464,59148012.99357138,510892632.1792871
2019-02-18,620586828.7900002,136191956.99357143,69082308.35357134,13143695.452857157,21024450.845000036,69836698.9678571,594587649.2821442
2019-02-19,645605386.9542859,149793810.12285712,74537721.1207142,14366222.655000016,22445239.02571432,75374514.64142852,654237969.2250013
2019-02-20,655869898.3614289,155488771.57428572,76522145.68928562,14538807.282142874,23014311.328571465,76195471.48071423,684963474.0978584
2019-02-21,673911387.8428574,164709237.19785714,78611174.78142849,15058812.932142872,23638506.87571432,78682316.66071424,721015247.4392871
2019-02-22,653397316.4435717,154279888.06,72242871.97428563,14188427.288571443,22507522.487857174,73057775.24428566,706138893.9964298
2019-02-23,670788283.3121431,165908656.08214286,76063904.33785707,14726352.177857159,23022053.63071432,78220848.07714282,744246131.2935727
2019-02-24,721141997.3171431,191684613.43928573,83658238.43714277,16557197.844285728,25312794.680000033,89724483.58928569,796980951.6164299
2019-02-25,759086293.0650003,199347200.11142856,86717925.41857135,17338649.106428586,27097013.234285746,94116823.68499996,826580788.0678585
2019-02-26,769578531.2621431,197935862.935,86755001.83857135,17483213.464285728,28342481.160000034,94375034.08428569,834060265.1050013
2019-02-27,784397113.6357145,201060304.03785715,88441551.77785708,17802623.415714297,29077052.765000038,97221191.75499998,851624697.1842871
2019-02-28,805655395.5200002,205362552.83357143,90750668.4064285,18810000.32785716,28077401.70142861,99296356.9185714,872733266.8114299
2019-03-01,820405475.547143,204742493.2992857,92036950.48999992,18612380.0257143,27397998.855000038,99146099.44999997,870738819.8535727
2019-03-02,830851170.3728572,206019321.99714285,92727117.9907142,18622259.087857157,27726810.36214289,99502487.54785712,869984281.589287
2019-03-03,819752419.6378572,196537098.45857143,90463670.5664285,18200385.055000015,27090279.751428604,96432342.63214281,851828636.3578585
2019-03-04,788105243.3842858,178053858.45214286,83212449.44857135,16806853.15714287,25774048.406428605,88551426.26999997,796941754.7550013
2019-03-05,780593977.4950001,174334863.11785716,82130432.21071422,16279592.588571442,26589649.768571462,87269910.18999997,778770989.1357156
2019-03-06,775576548.507143,167626076.2992857,80713070.29785708,16100690.117857156,26821814.340714317,85627758.90714283,751686562.6164299
2019-03-07,788140576.8264287,163593628.32999998,81229201.90071423,15799001.68714287,27456547.215000033,84801807.76999997,746095744.3071442
2019-03-08,820594401.3171431,161374196.6728571,82139598.43499994,15693618.525714299,30554918.805000037,84328679.3535714,743507377.4957155
2019-03-09,832872117.132143,149954217.43142852,78981170.69714281,15272672.285714298,31898680.56428575,78981865.90499997,729257646.9957155
2019-03-10,793546094.8757144,120351828.24214281,69912563.00999996,13435966.541428585,30488447.480000038,65905159.09999998,671419116.1535727
2019-03-11,795001047.2907144,115236681.22214282,67277651.93999995,13160237.728571443,31727403.360714324,62351272.546428554,662171705.3328583
2019-03-12,797844759.5464287,117262354.11071423,68043196.6978571,12791339.853571443,34143096.63714289,62161519.04357141,664401594.562144
2019-03-13,804942864.7550001,111593306.88499995,65786282.94642853,12160541.042857157,35518775.360714324,59165906.77714284,649127244.632144
2019-03-14,814402139.8421429,109190281.77357136,64496705.44714282,11088724.686428586,39201162.382142894,57872377.70285712,632197482.6671441
2019-03-15,814654445.3164285,111764449.74999993,64339848.796428524,10908306.426428586,41053799.25642861,58146731.9435714,640616787.4071442
2019-03-16,830960716.4057143,117072864.53499994,67722972.56214282,11543695.7807143,42074475.04642861,61109269.757142834,674304488.8850012
2019-03-17,838152475.0128572,117414482.09714279,67828218.56499995,11522153.785714298,44754642.03285718,60635513.82285713,684265652.7192869
2019-03-18,832885718.2178571,114444335.38428564,67618515.22499995,11340732.99714287,46061514.75071432,59149548.997142844,672735583.3807155
2019-03-19,809991706.4664285,107150723.23142849,64523464.984285675,10850894.760714298,45621980.25857146,55658690.042857125,653257065.3364298
2019-03-20,808417955.397857,107259202.76714277,63752077.17999996,10767920.930714298,46207901.90857147,55251023.69714284,664801026.7600013
2019-03-21,810645526.1435713,108119854.98499991,63419042.82928568,10748485.142142871,47124492.96785718,56616988.36142855,675928273.6528585
2019-03-22,781558101.652857,103048389.86285706,61107102.34357139,10414543.265000014,44808372.88642861,54821471.046428554,657371382.9264299
2019-03-23,759827179.2035713,100274140.64357135,60069045.033571385,10088086.177142872,43563485.08928575,54391677.472857125,632394366.4478585
2019-03-24,759608648.4649999,99226408.2657142,59892878.56214281,9974068.691428585,44397048.53785719,54459593.35999998,627289878.989287
2019-03-25,751198183.662857,97885691.15999992,60305408.00071424,9700593.463571442,44334399.221428625,54962156.56999998,631029556.0971441
2019-03-26,766464116.8042856,94596368.61857136,58571849.959999956,9722725.082857156,42424863.6428572,53958062.84071426,621278091.3800013
2019-03-27,792118602.4292856,98155687.81785706,60592372.41928566,9925678.684285726,42517312.77142864,55799797.34571426,651377591.4685727
2019-03-28,789616382.4814284,95718491.60928564,59291568.56428566,9629894.035000011,42804839.32500006,54198727.98999997,650366742.9428585
2019-03-29,805720807.0092857,95746085.87999992,60258424.25285709,9920109.927857155,43736578.18500006,55340883.28071426,683170699.924287
2019-03-30,798593052.6621428,91132020.4114285,57417559.87571423,9295167.845714297,43677743.48500006,52781428.13714283,666559290.9900013
2019-03-31,805634183.0478572,90484422.16642852,57002393.60071423,9194230.602857154,42840255.96642863,52971551.522857115,653910474.0107156
2019-04-01,815001485.6864287,90077903.69357136,56251445.16499995,9278825.852142869,43921667.16000006,53831501.6835714,657329478.7821442
2019-04-02,931917785.3828572,132840049.41642852,79218897.82071424,13712479.300000012,54121889.00142863,76731318.50642855,794046312.4235727
2019-04-03,1083867206.2735715,187400080.10785708,117718887.1328571,18550523.066428583,62328968.21071434,102465026.52571428,928399728.1835728
2019-04-04,1135192282.6057143,198242237.81357136,129239129.27214281,20427175.86785716,64811799.69071434,110734788.49785712,1008276390.5171442
2019-04-05,1180258389.6628573,208590346.82499996,137805106.81071424,21422327.906428583,67806758.96928576,117472458.44499998,1071077118.9900014
2019-04-06,1219143458.7135713,224220191.87071422,148349029.95642853,22716849.20285716,70914739.71857147,124287413.63642856,1129160844.819287
2019-04-07,1245855051.9907143,236444858.5064285,158854891.8528571,24283658.66714287,71945026.91000004,129866689.92714286,1204312489.7078586
2019-04-08,1280884486.0721428,251791545.02999994,170163503.0135714,26283434.562857155,72523037.29071432,137976632.87928572,1276778206.17643
2019-04-09,1279507197.3021429,260306777.63857135,175905075.99499995,27391949.91785715,73164803.69500004,142860403.69785717,1333141147.643573
2019-04-10,1273336331.6414285,273049549.5278571,184884295.3135714,29128184.16142858,73448465.30285718,149273384.8057143,1366518106.810716
2019-04-11,1309158100.3114283,290696594.7078571,196747666.1378571,30910373.03357144,75064877.9821429,158973637.915,1446905412.0750015
2019-04-12,1308536111.6414282,292854868.2535714,200354603.68571424,31765790.90500001,74050106.2064286,161547752.7014286,1456142902.6471443
2019-04-13,1303254629.3799996,293202466.5907142,201271285.8171428,31877271.18357144,73162746.43785718,161550282.71714288,1461175084.2821443
2019-04-14,1301803525.3999999,297092502.2314285,203695086.8635714,32242739.72000001,71646604.29285719,162874336.42000005,1492207813.25143
2019-04-15,1317403744.2564282,306525636.84285706,211727750.7135714,32687008.10857144,70089445.51000004,166506836.6957143,1514920736.4892871
2019-04-16,1206851102.885714,267664210.5585713,192950344.00142857,29310236.656428583,59439239.528571464,146968315.9364286,1399634323.2271445
2019-04-17,1057560005.8264283,214047534.74928555,156709675.5785714,24898707.942857154,50540343.22071432,122484348.10500002,1275392315.3842874
2019-04-18,1008639207.0971426,205131529.117857,148629426.36357144,23418983.105714295,48828593.81357147,115196928.72928573,1204465286.4821446
2019-04-19,988270741.677857,197206818.29999986,143386854.445,23058226.385000013,46138771.53500004,110517699.4764286,1172369249.473573
2019-04-20,957048750.8521427,183442736.09071413,134640921.4357143,22232404.82500001,43050099.81357147,104626512.10357144,1140086613.9128587
2019-04-21,938511014.9042857,177800009.43999982,128528117.82071428,21192573.820714295,41190446.19357147,100830035.05142859,1101712407.9221444
2019-04-22,899302590.6042856,167152317.17642838,121863065.87142858,19827360.336428583,38713624.04142862,94340150.3571429,1060421063.50643
2019-04-23,898517198.607857,169522002.24714264,126761431.33500001,20147695.93500001,38998190.30285718,96089534.26785716,1083672753.2300017
2019-04-24,901148349.8814285,164800357.8749998,125350829.79214287,19622260.790000014,40866752.78214289,96105081.875,1103676814.9892874
2019-04-25,879395813.2235712,159365436.19142836,122887321.025,19923852.50642858,38806866.811428614,95550006.21142857,1092937158.4350016
2019-04-26,887363219.1857141,165241290.90571406,124128783.42714287,20673851.526428584,39442192.58142861,97829710.12428571,1133601565.1921446
2019-04-27,880432289.1421429,163402512.90285692,123831191.44357145,21013303.866428584,39164104.58785719,98573859.68714285,1131246815.690716
2019-04-28,872139206.3935715,163312851.08214265,124148389.38857146,21141025.259285726,39076980.579285756,98858302.36714284,1131178325.54643
2019-04-29,847751937.7814286,157262276.0099998,118485916.3364286,20789958.301428583,38206724.80571433,96364819.72642855,1120625579.1728587
2019-04-30,849020140.3007144,157072362.51928553,118371917.47214289,20093079.375714295,38007511.7521429,96312169.61714284,1124337726.5514302
2019-05-01,838181870.9785715,154185091.16928557,118287173.34000002,19988497.770000007,37668790.74857147,95412170.32071427,1121126638.3221445
2019-05-02,822200479.5042857,150411022.43999985,115430268.10071431,19794490.017142866,35427843.15000004,93852469.63714285,1123728961.2628589
2019-05-03,827184092.9292856,158638734.82785702,124220233.7171429,21519699.71714286,35661985.86142861,101632920.07499997,1210988170.7028587
2019-05-04,837951073.5592855,161717077.59142846,129711874.83785716,22668988.17428572,35668346.61428576,107221376.29214284,1280886317.5078588
2019-05-05,815322504.9471426,156595150.97571418,128442224.03214288,22911768.509285722,34320315.061428614,107089370.2185714,1312272762.3142872
2019-05-06,811257272.8878568,153225807.91571417,128403320.50785716,22962945.933571436,33855298.41642861,108889897.42928566,1339186190.89143
2019-05-07,803799605.6514283,147848312.07571417,128292891.53928573,23786870.03142858,32259669.885000043,110115233.1121428,1348423078.9478586
2019-05-08,759841008.0957142,136028492.19857132,124058356.20714286,23538610.48785715,29241431.0671429,104773098.21999992,1329026220.7678585
2019-05-09,736582936.8949999,126549399.99142848,124055241.6257143,23163156.594285723,29033330.706428614,101735694.56071422,1344212347.3300014
2019-05-10,730152189.037857,121742093.32642849,130884638.4557143,23891439.16142858,29760757.539285757,104692086.15142849,1382584360.6328585
2019-05-11,838261897.8885714,157836393.85999992,172475408.31428573,29988339.36285715,36107977.932857186,132621999.5864285,1564344228.4107156
2019-05-12,920260782.4807141,179667488.4864285,205225601.35999998,37207101.36214287,40062158.8771429,153980224.1107142,1715314007.2992873
2019-05-13,1015002370.6399997,209696888.94785708,247170338.90785715,45279450.473571435,45649105.28142861,180487183.90357134,1869106808.6764302
2019-05-14,1131589364.6957142,241454798.07642847,288748702.1421429,53050748.23142858,52979568.6321429,210668704.54642847,2012226126.7050016
2019-05-15,1213774163.8914282,267809637.6185713,327234750.7357143,58174204.34642857,60940026.152142905,237798529.6885713,2131272932.1142871
2019-05-16,1388182025.3892853,301396403.89428556,379055731.7364286,62726658.805,69044203.88000004,272279273.48214275,2219472280.5828586
2019-05-17,1519185096.061428,323104095.60857123,417010531.23928577,67013261.802857146,74204291.69000004,298212382.7849999,2245955916.954287
2019-05-18,1553227270.2021425,323806068.3792855,419713370.2842857,67379633.79642858,75208098.33000006,298901755.63999987,2229140761.0021443
2019-05-19,1679163650.5371423,346641536.6607141,447140027.25357145,73098377.14285715,79229997.55642863,320525243.5992856,2303653765.73143
2019-05-20,1786826090.620714,356616852.3307141,463510364.94642866,76700423.27214286,81536637.88500006,331244182.80785704,2351872528.800716
2019-05-21,1924974362.3642852,360089243.0585712,469471044.7050001,76998887.47714286,84999917.8778572,334296725.5092856,2358435908.61643
2019-05-22,2040628176.512857,371383965.96714264,482395038.3142859,78560821.54428573,87300848.11857148,344068055.47428566,2382665794.7228584
2019-05-23,2144324970.8335712,376405012.83714265,487551951.0428573,79601115.63785717,87450341.14857146,348437820.10999995,2402395810.24643
2019-05-24,2217940657.0692854,380918458.2728569,492893610.16571444,79746558.6107143,87338869.2064286,348450398.2971428,2366050113.934287
2019-05-25,2171312606.7492857,348987311.6607141,456453875.79928595,74699586.5257143,81994936.2814286,323728271.74999994,2222969490.4507155
2019-05-26,2195481426.595,351506508.84285694,445196239.72357166,71371630.41285715,81798820.55357146,318695119.97285706,2145495755.7278588
2019-05-27,2212650504.5914283,341755302.0021427,426167251.8750002,66688880.11142858,79145221.48000003,303581692.99928564,2078401216.9421444
2019-05-28,2176449582.425,321878248.60642844,395912963.7457145,60638559.64428573,73882503.9314286,280355671.4928571,1979184695.368573
2019-05-29,2185194696.373572,314902311.8185712,372388805.9557145,57709380.27857145,69636537.39357145,262603091.57857138,1929050178.655716
2019-05-30,2177491110.516429,320862336.0678569,359461061.91500014,58387299.36000002,68270487.73714288,254693121.1242857,1914118678.2235732
2019-05-31,2111857694.326429,305351166.2899998,329029280.45714295,55427598.792142875,65478724.64285716,233253316.56428573,1871757768.493573
2019-06-01,2138066348.4628575,310737371.9128569,328600618.7385715,55056873.14714287,67375730.51000002,231328415.27,1843618630.398573
2019-06-02,2073120666.5407145,294955533.4085712,306086700.47714293,50931888.76928572,67950065.74571429,214167977.72142857,1765990997.289287
2019-06-03,2041450279.2700002,305347288.23285687,302950249.02642864,49623117.97071429,69700336.42214288,212380517.63500002,1742645436.3635728
2019-06-04,1986292275.0864284,315457459.1692855,312699809.71642864,52563193.81000001,68944313.70357144,221571104.14928576,1767543448.2678585
2019-06-05,1965986581.2385714,311030912.94642836,307951192.3464286,53672095.27928572,70509683.31214286,218349723.5678572,1780262129.0814302
2019-06-06,1929612338.8942857,310673556.44142836,307558331.33571434,53395304.77214287,71210730.83928572,217532662.19428578,1771499168.8271444
2019-06-07,1890911742.8835714,310911951.6299998,303528737.83928573,53046997.39857144,72431348.59428573,217032097.1921429,1771873722.5635726
2019-06-08,1870803883.4564285,309092800.2492855,303449772.2128571,52846366.31785715,73664294.93928573,216686523.28285718,1773692534.864287
2019-06-09,1814883936.8171427,288829731.40142834,289620532.4407143,50627007.11214287,71512082.32714286,205203683.00785717,1750446084.9578583
2019-06-10,1770748983.2685714,274329464.97785693,278471982.76285714,49728205.375714295,70224559.59500001,200091635.50857148,1719086641.355001
2019-06-11,1729963567.4671426,265482197.6092855,275303170.9242857,49315710.302142866,69934498.89357145,197229186.25785717,1706949338.9078581
2019-06-12,1721543927.9778569,259488708.67499974,278029698.6971428,49171366.82285715,68930992.33000001,198700264.1921429,1700966252.5871437
2019-06-13,1628052429.3899996,227662374.43499973,250059666.59428567,45185741.140714295,64088679.63642859,177748913.51357147,1663317118.4685724
2019-06-14,1632511348.524285,225027746.72357115,246303482.52357134,44410599.170714304,63553805.27714287,174174323.3028572,1669725742.8907151
2019-06-15,1609059590.5657136,223953022.80571404,248170699.86857134,45252082.00428574,62078374.583571434,175886076.45500007,1702029299.3150008
2019-06-16,1639616456.7535708,239802117.95928547,264812804.25285706,49588925.57071431,61603678.642142855,188085980.67285722,1792990851.7364295
2019-06-17,1634640057.4849994,230325777.0228569,267677965.19499993,50818348.45428574,60051954.56214286,186878375.75357148,1822586955.7821438
2019-06-18,1609682268.003571,224628200.73499975,260924957.0828571,48296062.86857145,58968265.351428576,178206732.6914286,1819317790.4728582
2019-06-19,1572394314.4428566,222022136.69428548,258774036.15071422,46013686.65857146,55973565.87214286,174101392.37428576,1794522173.6257153
2019-06-20,1561027725.326428,224685060.1399998,258129771.27357134,46327156.02714288,55830064.01,174448818.87285718,1812784811.8671439
2019-06-21,1596484578.7214282,241078176.92499977,275692919.2092856,49108359.69571431,55919134.050000004,183586115.92642862,1871007523.182144
2019-06-22,1747881537.158571,294059548.50571406,326394442.4464285,59185591.73214288,61011879.04357143,209019557.67500004,2009058276.3964295
2019-06-23,1798467232.4749997,312827574.69714266,340531242.24999994,62542895.67714288,61968709.59357143,215602011.1121429,2070120483.2085726
2019-06-24,1785972578.9628568,320436142.9392856,344024954.61071426,64010260.48785717,61904861.30714286,216991465.7707143,2099925421.55143
2019-06-25,1861362933.1528568,341506911.5242856,366522370.0914286,70660743.06142859,64273218.17428572,233106438.98928574,2192488291.635716
2019-06-26,2055270042.6092854,422738658.127857,462693804.5707143,89315663.12857147,75097485.08642858,286920284.29214287,2378044766.395716
2019-06-27,2214834112.7949996,479498640.94071406,544793030.5535715,106820723.8364286,81553216.33785716,331785335.33928573,2520458026.775716
2019-06-28,2262201318.4792857,506415022.03285694,582633487.8521429,117787870.67000003,83090882.70928572,348977770.01785713,2603881431.76643
2019-06-29,2358101584.7992854,521325606.4549998,610107664.9514287,124509381.5464286,84094335.37428571,361927101.3000001,2669999318.4471445
2019-06-30,2396857088.272857,519889620.0407141,620299872.1685715,125402331.78642862,82694846.64,362207194.0392858,2650550276.7878585
2019-07-01,2439786576.8557143,531696629.86357117,641650028.0307143,131282766.90357147,83411782.01857142,373172117.0764286,2668532774.0057154
2019-07-02,2512394643.721429,548040644.6164283,673849016.1878573,140055192.5721429,85016590.88428572,389383250.57785714,2717509569.845001
2019-07-03,2581575862.8342857,570342608.0992855,703328729.0992858,150880147.00857145,87309988.60357143,408844494.7357143,2820383406.8107157
2019-07-04,2609886910.5421433,582340319.7785712,716286631.052143,155201939.5128572,88167920.39214286,412335918.8235715,2848904279.3471446
2019-07-05,2583546032.0285716,568565416.6664283,705683237.3735715,156669209.53714293,87884245.4007143,406104749.855,2837957047.4407163
2019-07-06,2444569162.2021427,524825937.8599998,664032221.2642859,150257664.23214293,82346047.385,384288671.51857144,2751640370.917145
2019-07-07,2389968907.9242854,508018671.3964284,654375689.0628574,148717975.2935715,80711718.09142856,378912618.4278571,2714019188.1507163
2019-07-08,2403134301.4207144,511203432.7542855,661572981.1014287,150795942.38142863,81344592.26857142,383585895.22428566,2718327306.488574
2019-07-09,2375843775.2221427,505254964.4299998,662238042.9764287,151342095.61142862,80705418.60928571,379186426.5421428,2716334527.2400026
2019-07-10,2238014854.9157143,452466107.7664284,595938366.1592858,142513376.76500005,71990111.39071429,342189078.1949999,2623287432.475003
2019-07-11,2106306429.7335713,411502184.427857,546610316.4107144,134105933.56571433,67565943.80428572,315275431.9699999,2578774884.3607173
2019-07-12,2036639101.4671426,381092420.10857135,516194076.43,126590612.03000005,65370570.03142857,298267512.3892857,2521616168.852146
2019-07-13,1942747205.3049998,370681340.5242856,497863990.73785716,122789703.93928576,63998386.48857142,289108343.2078571,2499806469.4078603
2019-07-14,1894023221.547857,374734386.41714275,494799631.2214285,122604678.80785717,64194201.26142856,283471063.3035714,2497416915.640003
2019-07-15,1850211939.6000001,371007774.07999986,489022254.19142854,120537355.56571433,63023211.76142856,278290557.5142857,2503433055.1207175
2019-07-16,1795298654.2150002,370476802.39071417,482423079.10785717,117859012.58142862,61933745.637142844,273743231.64428574,2476112642.049289
2019-07-17,1774184688.9150002,368012965.0542856,482367267.86214286,115893382.19285718,60664514.98571427,269144342.04,2451290511.1778603
2019-07-18,1791653298.4342859,375880851.0621427,496158940.2678571,118194543.08785717,60273739.426428564,276936153.37571436,2460085780.6514316
2019-07-19,1777994933.3428574,374550207.40499985,494564886.6335713,118805660.78500004,58358854.23285713,275453988.7578572,2432510343.1871457
2019-07-20,1776227992.4557145,376775811.71357137,499019083.2257142,120042730.99500003,58592664.34071428,277586354.2571429,2407865794.11786
2019-07-21,1759019833.4557145,375955276.35214275,496856067.79571426,119794921.14928576,58334788.06214286,277157704.36214286,2386507824.503574
2019-07-22,1720995485.2357144,365555626.4428571,487351944.50857145,117042610.71714291,57389072.778571434,270124635.3964286,2344161385.912145
2019-07-23,1663918779.197143,351271766.7007142,469348927.0521428,111030405.51071434,55068460.47214287,260292390.7092857,2278467890.01286
2019-07-24,1557502174.2050002,319221203.3714285,436517458.4928571,101299318.58500005,51041193.06357144,240794953.57928568,2191865651.5592885
2019-07-25,1469972874.3192859,298550273.65928566,400531913.4,92751155.7335715,46750230.16071429,220479533.3828571,2077958882.9871452
2019-07-26,1531199353.4542859,289647762.23928565,385552963.18214285,87653246.61642864,44247994.84214287,214104529.92785713,1992161572.2657166
2019-07-27,1483622027.8678572,285594450.5364285,378695250.3921429,84868309.4035715,42993390.95500002,210729027.12285712,1925575831.1100023
2019-07-28,1411039862.7307146,266049416.05785707,355451947.0192858,79526370.64714292,40496003.719285734,202267095.05499998,1844049466.9778593
2019-07-29,1332351565.7692857,246917261.5457142,326772754.5757144,73227983.50357148,37985424.97357146,189284367.92642853,1749087010.855002
2019-07-30,1241081958.137143,219332503.35214278,289785713.522143,66122134.053571485,34929020.617142886,170685532.59571424,1670137567.4050019
2019-07-31,1158465690.6828573,200469447.05999994,262509953.6114287,58803544.15571434,32582979.840714313,157678404.4614285,1585467000.4042873
2019-08-01,1070918157.9142858,174786313.95499992,235812243.64500013,51967667.71714292,29545455.992142882,143554121.2064285,1517501134.9450016
2019-08-02,1045616319.61,167921516.3214285,228812900.51428583,47581963.40000006,28841386.42357145,139172549.14071423,1488301594.6842873
2019-08-03,1015561937.3821429,158742585.62499994,220710202.64000013,44493890.63142864,26838243.59857145,133759639.17499995,1478920929.3300016
2019-08-04,1008210536.3285714,158391777.62357137,220263425.00928587,44177701.55500007,26274808.292142875,132003009.98499994,1493813535.4742873
2019-08-05,1037023328.8392857,165104244.1778571,233144326.99571443,47693400.205714345,27139351.967857163,137640619.11714283,1554108989.0714302
2019-08-06,1069662429.0228571,176608256.10999995,242734163.9964287,51581394.41071434,27458329.44285717,143810949.48785707,1590551300.0714302
2019-08-07,1111253749.2692857,179945239.8164285,249923242.78142872,55636395.440714344,27586386.031428598,147942598.48499992,1638157561.3250015
2019-08-08,1145392233.3235714,185025506.21142855,256719100.9278573,58210555.71857149,28326249.38571431,150950286.82999995,1690555360.65643
2019-08-09,1031594492.5371429,191779237.28571424,262697654.607143,60145726.336428635,28828692.314285737,153953604.27571422,1728137697.5221443
2019-08-10,1043911653.1650001,189599114.51571423,262924499.4928573,60703947.82857149,29218204.88285717,153057187.66999993,1733963941.3550014
2019-08-11,1050550832.2335716,186822327.8535714,263116366.6742859,60887451.60642863,28972535.672142886,152707939.93857136,1738391079.7428584
2019-08-12,1046197779.8128574,184131325.9621428,260155626.88142875,60115609.21071435,28616217.77428574,149310606.6671428,1722454153.2485728
2019-08-13,1053609983.8707144,188164083.9878571,266300904.34571448,60463725.36000006,28877623.892142884,151636902.86714283,1736801295.2250016
2019-08-14,1080917621.0585716,197000231.78999996,281405638.39142877,61775026.22142863,30073580.34785717,157176421.87999994,1792734106.5778587
2019-08-15,1078596731.419286,209010395.1528571,298293253.0864287,65851760.86857148,32056557.920000028,167699781.17428565,1878670886.7021446
2019-08-16,1081343944.363572,211829737.91999993,303510810.52500015,68565632.48428577,32271530.66500003,171737716.30357137,1928404036.600716
2019-08-17,1068582339.2907146,208354618.7671428,297306703.257143,67649929.69642863,31911648.51071432,170196493.09142852,1916281594.977859
2019-08-18,1058111984.9092861,203238266.97571424,293553727.46142876,66088699.86642863,31298665.354285747,168090543.87785712,1888544133.6814303
2019-08-19,1017611704.1378574,191057930.72999996,276493445.2671431,62058754.44571435,28804567.136428602,160140735.0435714,1824909325.987859
2019-08-20,955513895.7400004,173364381.42428565,256992381.19142872,57394610.836428635,26920417.22357146,148234547.9,1777191676.815716
2019-08-21,913426828.0171431,168378770.6971428,249399958.1528573,54304092.351428635,26291466.10714289,145304502.59999996,1752696714.0964303
2019-08-22,877362201.404286,160858282.3214285,243079174.23785728,52743240.23714292,25588592.821428604,143938549.23499998,1740339492.757859
2019-08-23,860662351.1450003,155057739.98142847,237350485.52428582,51870288.51785721,25205361.547142893,140403347.06571427,1718479091.1450021
2019-08-24,845789861.2671431,148993936.41285703,229469012.30714297,50808409.60500007,24462954.022857178,137651216.9642857,1716420665.007145
2019-08-25,838770059.8964288,147677546.80428562,226785986.96500012,51070994.082857214,24299598.591428604,137358482.91142857,1727115685.6728592
2019-08-26,851709242.702143,150227829.36999992,227747318.2857144,53097294.454285786,24450488.46214289,139890092.8592857,1752769216.5664306
2019-08-27,840234438.2042859,144358947.2164285,219270440.4192858,52295215.10928579,23801189.31500003,135552563.9635714,1729225799.6157162
2019-08-28,819193447.1250001,137612451.62428564,207060297.0714287,51103259.25071436,22912123.295000035,131358801.07357141,1666657348.645716
2019-08-29,812249859.5650002,124469806.01785707,189844078.85571438,47261004.89000008,21079487.76357146,121315498.80428569,1555606727.4464302
2019-08-30,781301978.6242858,115101374.85285708,177269486.6650001,42852724.460000075,19700686.35071432,114742453.18999997,1474557108.578573
2019-08-31,768031450.6085716,112904114.17857136,174343298.04285723,41388237.04500008,19361635.808571458,112976941.12642853,1441527934.5271447
2019-09-01,752102120.9828573,110364321.98428567,169101301.1750001,40541786.216428645,18926961.570714317,111458695.4878571,1403752110.0571446
2019-09-02,749681782.729286,112677461.72642851,168238913.6642858,40447538.499285795,18672072.464285742,112651396.7928571,1419225925.1042876
2019-09-03,769330676.0221431,118157970.84999992,174490585.26000008,42246137.13000008,18659358.327857174,118028790.64857139,1436697469.3307164
2019-09-04,756146079.6535717,112348435.08214279,167417792.25857154,41167497.94571436,17895662.08714289,114295808.75214282,1424649971.2607162
2019-09-05,748934148.5542859,109431653.52999993,162324764.9257144,39940944.90642864,17226195.625000034,110581344.8478571,1392699867.892145
2019-09-06,771055464.2828572,114793681.17785706,167554789.76357153,41249140.570714355,17502624.692857176,117053443.27999996,1427719821.3435733
2019-09-07,764588027.8514287,113690452.74357136,165516188.10857153,40294471.09500007,16812420.062857173,115372695.44071424,1408127518.610002
2019-09-08,761737047.9050001,113167065.08499992,164585856.4492858,39224821.25785721,16533400.594285745,114497505.24214281,1395118142.9521446
2019-09-09,768583207.3785716,113341263.86714278,166679110.60642865,38076680.0035715,16823164.39500003,115424744.38999997,1423651534.3485732
2019-09-10,771610158.4385717,113867757.3214285,167924903.5000001,37670998.72142864,16907078.208571456,117034588.58928569,1432079256.3071446
2019-09-11,753523093.6178573,105821987.92214276,156884721.8300001,36140125.14785721,15690074.695000028,112681348.1678571,1440713398.1542876
2019-09-12,751846734.1814288,102857794.20928562,149538289.32285723,35113326.94571435,15047394.092142886,109994990.18714282,1454503663.7114303
2019-09-13,755577875.6578573,104001189.17214276,148344024.16642866,35046996.08357149,14940538.302142886,109707210.5128571,1457381181.9264305
2019-09-14,765492840.2164288,105401320.70928562,149421229.36428577,35013168.45857149,15176688.483571457,110754845.64357139,1465843855.2542877
2019-09-15,768344071.4414289,104345663.0949999,148299590.55571434,34582322.84000007,15152791.882857172,109401651.81499997,1466551007.892859
2019-09-16,757001806.1871432,100526893.67071417,144216460.20214292,32670458.46285721,14934322.857857171,107288893.2528571,1425865875.2028592
2019-09-17,753767163.2235718,95820152.16142845,140317430.11071438,29428615.05285721,15332709.827857172,104543792.53642854,1372725545.385002
2019-09-18,780454667.0864289,95989742.13142845,142014320.17714295,28166297.46428578,16053171.872142885,104074411.77928567,1297741730.0392876
2019-09-19,830312717.1207145,105762952.71999988,157053102.8807144,28989763.195000064,18221632.59785717,113405933.48357138,1308234415.1585732
2019-09-20,815010165.636429,97225785.1335713,150681253.9085715,26470535.015000068,17585810.27571431,106703491.01214279,1248305744.1092875
2019-09-21,813322221.5807146,96100483.2235713,150730656.8592858,26446977.23142864,17638743.49928574,106890422.83499993,1235211021.0771446
2019-09-22,816896075.6878575,95000461.3692856,150752941.86714295,26173027.052142926,17817608.74000003,106672216.83499993,1225241244.163573
2019-09-23,811063343.9150002,95307060.4399999,152997676.48571435,25711854.40000007,17835623.688571453,106899186.8414285,1181891357.6071446
2019-09-24,882482478.9028574,133203161.06214274,185979502.09714293,31229946.59000007,22412859.557857167,129854059.89571424,1221174460.2664301
2019-09-25,920711278.4135716,142877072.77714273,202593319.8485715,34120924.161428645,23685590.238571454,137012391.51857138,1258246997.988573
2019-09-26,952545364.8735716,153025324.47214276,220614390.58428577,36462724.08785721,25363464.176428594,145101890.38928565,1263255032.493573
2019-09-27,935640463.7357146,151295594.70214278,217955075.42642865,36333289.57785721,25248550.33214288,142971889.4135714,1226395442.5850015
